--;; 菜单数据
INSERT INTO `t_sys_menu` (id,parent_id,name,code,`path`,icon,sort,delete_flag,create_time,menu_type) VALUES 
('1','0','首页','home','/main','home',0,0,'2019-11-25 00:00:00.0',0)
,('2','0','测试','home','/main/test','home',0,0,'2019-11-25 00:00:00.0',0)
,('422786902303784960','91','用户编辑','user:edit',NULL,NULL,NULL,0,'2021-03-12 16:33:14.0',1)
,('422787027868663808','91','用户删除','user:delete',NULL,NULL,NULL,0,'2021-03-12 16:33:03.0',1)
,('422790297102139392','91','分配角色','user:role',NULL,NULL,NULL,0,'2021-03-12 16:17:41.0',1)
,('422790699163926528','91','修改密码','user:edit:password',NULL,NULL,NULL,0,'2021-03-12 16:19:17.0',1)
,('422790826385555456','91','新增用户','user:add',NULL,NULL,NULL,0,'2021-03-12 16:19:48.0',1)
,('422792456807989248','92','角色编辑','role:edit',NULL,NULL,NULL,0,'2021-03-12 16:33:39.0',1)
,('422792530657099776','92','角色删除','role:delete',NULL,NULL,NULL,0,'2021-03-12 16:33:32.0',1)
,('422792653378240512','92','新增角色','role:add',NULL,NULL,NULL,0,'2021-03-12 16:28:05.0',1)
,('422792787063291904','92','分配菜单','role:menus',NULL,NULL,NULL,0,'2021-03-12 16:27:35.0',1)
,('422794471869071360','93','菜单编辑','menu:edit',NULL,NULL,NULL,0,'2021-03-12 16:34:17.0',1)
,('422794549786656768','93','菜单删除','menu:delete',NULL,NULL,NULL,0,'2021-03-12 16:34:35.0',1)
,('422794706871730176','93','新增菜单','menu:add',NULL,NULL,NULL,0,'2021-03-12 16:35:13.0',1)
,('422796052312178688','94','新增字典列表','dict:list:add',NULL,NULL,NULL,0,'2021-03-12 16:40:34.0',1)
,('422796197632229376','94','字典列表删除','dict:list:delete',NULL,NULL,NULL,0,'2021-03-12 16:41:08.0',1)
,('422796338820890624','94','字典列表编辑','dict:list:edit',NULL,NULL,NULL,0,'2021-03-12 16:41:42.0',1)
,('422796689422761984','94','新增字典详情','dict:detail:add',NULL,NULL,NULL,0,'2021-03-12 16:43:05.0',1)
,('422796766669258752','94','字典详情删除','dict:detail:delete',NULL,NULL,NULL,0,'2021-03-12 16:43:24.0',1)
,('422796946651037696','94','字典详情编辑','dict:detail:edit',NULL,NULL,NULL,0,'2021-03-12 16:44:07.0',1)
,('9','0','系统管理','system','','setting',99,0,'2019-11-25 00:00:00.0',0)
,('91','9','系统用户列表','','/main/system/user','',1,0,'2019-11-25 00:00:00.0',0)
,('92','9','系统角色列表','','/main/system/role','',2,0,'2019-11-25 00:00:00.0',0)
,('93','9','系统菜单列表','','/main/system/menu','',3,0,'2019-11-25 00:00:00.0',0)
,('94','9','系统字典列表','','/main/system/dict','',4,0,'2019-11-25 00:00:00.0',0);

--;; 角色数据
INSERT INTO `t_sys_role` VALUES ('1', '管理员', 'admin', 0, '2019-11-25 00:00:00'),('2', '测试', 'admin', 0, '2019-11-25 00:00:00');

--;; 角色菜单数据
INSERT INTO `t_sys_role_menu` (id,role_id,menu_id) VALUES 
('057f21b1b2924ec4bc25bcc6f7247827','1','422794549786656768')
,('08e915f96f294b97bbd5f515aed7de08','1','422796946651037696')
,('2ca4e6afb02745cf9b683c099576ebcd','1','422796052312178688')
,('40a2baeb9d1d45c39a41aef55788b6dc','1','422787027868663808')
,('4245d2f74bb94589831c671f9ff1d4e6','1','422794471869071360')
,('42c45e20df764d5795d67247e82dd910','1','94')
,('43557ad351b74432ba963af443777896','1','422796197632229376')
,('45eaadcb153049f5b21005778f9f4c01','1','422792530657099776')
,('461734db7c91429194f24f39b8c75997','1','422786902303784960')
,('4a4fdaeef256471585db54d5b5422670','1','422792456807989248')
,('526ed05146ac4f5c8559d90adbaa585f','1','422794706871730176')
,('640a51089afb4dee9ff0aa05cf049249','1','91')
,('7af5cbfbdadd4c49933798062c002218','1','422792787063291904')
,('832b7e3ec10444be8a526e59e1a1a6a3','1','93')
,('969cef1e49b64c3eaf4d35e3f8ad8030','1','422792653378240512')
,('9762b02cc76d4c5680f94ffd5bcf20de','1','422790699163926528')
,('a3c43b81f28d426b87f9f070364c1a8e','1','422796689422761984')
,('ab9b702ab0d840538bd25171a125a127','1','422790297102139392')
,('c165e853ee874393be97683cd255b3fd','1','9')
,('c5a5079362fa4058b68555a8a6cf063f','1','422790826385555456')
,('dad9ea41de6a4ef4a07e89d1b134f3a9','1','1')
,('db4d386878234522954c17ec8ec29e41','1','422796338820890624')
,('e1fb9361237c41bba31f3a756cd99fcf','1','422796766669258752')
,('e9a19214d8bb4db282333505e753abbe','1','2')
,('ee24994bfc554148ab7501a111cc05aa','1','92')
,('eeebf18f016142eaa5084f60ee15e4e6','2','93');


--;; 系统用户数据
INSERT INTO `t_sys_user` VALUES ('1', 'admin', 'bd92ff7cffc281d94e657b5dd707a7721e62124cd01537f0944a4e5329fcab57', '管理员', '', '', '2019-11-25 00:00:00', '2019-11-25 00:00:00', 0),('2', 'admin2', 'bd92ff7cffc281d94e657b5dd707a7721e62124cd01537f0944a4e5329fcab57', '管理员', '', '', '2019-11-25 00:00:00', '2019-11-25 00:00:00', 0);

--;; 系统用户角色关系数据
INSERT INTO `t_sys_user_role` VALUES ('962938280637104128', '1', '1'),('962938280637104129', '2', '2');
